Item,ItemDescription,MGBC,SSCC,LocalReferenceNumber,LocalPalletID,BBD,PalletizationDateAndTime,CoPackingConversionDateAndTime,Location,TransactionDateAndTime,TransactionType,TransactionQuantity,TransactionUOM,StockType,OnHandQuantitybyStockType,ShipTo,CNN,ParentSSCC,ConsumedQuantity,MachineLine
NR371,Bulk: MARS miniatures bulk 10 kg,906A1NLD06,387199001527774059,,LE00499182,2020-02-23,,,NL08,05/04/2019 12:31,Goods Receipt,63,,Free,,,NL3133321088,,,
NR371,Bulk: MARS miniatures bulk 10 kg,906A1NLD06,387199001527774189,,LE00498839,2020-02-23,,,NL08,03/04/2019 13:09,Goods Receipt,63,,Free,,,NL3133321075,,,
NR371,Bulk: MARS miniatures bulk 10 kg,906A1NLD06,387199001527774219,,LE00499178,2020-02-23,,,NL08,05/04/2019 12:33,Goods Receipt,63,,Free,,,NL3133321088,,,
NR371,Bulk: MARS miniatures bulk 10 kg,906A1NLD06,387199001527774349,,LE00498843,2020-02-23,,,NL08,03/04/2019 13:08,Goods Receipt,63,,Free,,,NL3133321075,,,
NR371,Bulk: MARS miniatures bulk 10 kg,906A1NLD06,387199001527774417,,LE00498848,2020-02-23,,,NL08,03/04/2019 13:07,Goods Receipt,63,,Free,,,NL3133321075,,,
NR371,Bulk: MARS miniatures bulk 10 kg,906A1NLD06,387199001527774981,,LE00498842,2020-02-23,,,NL08,03/04/2019 13:08,Goods Receipt,63,,Free,,,NL3133321075,,,
NR371,Bulk: MARS miniatures bulk 10 kg,906A1NLD06,387199001527775124,,LE00499174,2020-02-23,,,NL08,05/04/2019 12:35,Goods Receipt,63,,Free,,,NL3133321088,,,
NR371,Bulk: MARS miniatures bulk 10 kg,906A1NLD06,387199001527775704,,LE00499190,2020-02-23,,,NL08,05/04/2019 12:29,Goods Receipt,63,,Free,,,NL3133321088,,,
NR371,Bulk: MARS miniatures bulk 10 kg,906A1NLD06,387199001527775797,,LE00499068,2020-02-23,,,NL08,04/04/2019 17:22,Goods Receipt,63,,Free,,,NL3133321083,,,
NR371,Bulk: MARS miniatures bulk 10 kg,906A1NLD06,387199001527775964,,LE00499037,2020-02-23,,,NL08,04/04/2019 17:33,Goods Receipt,63,,Free,,,NL3133321083,,,
NR371,Bulk: MARS miniatures bulk 10 kg,906A1NLD06,387199001527776015,,LE00499179,2020-02-23,,,NL08,05/04/2019 12:32,Goods Receipt,63,,Free,,,NL3133321088,,,
NR371,Bulk: MARS miniatures bulk 10 kg,906A1NLD06,387199001527776145,,LE00498587,2020-02-23,,,NL08,01/04/2019 20:16,Goods Receipt,63,,Free,,,NL3133321064,,,
NR371,Bulk: MARS miniatures bulk 10 kg,906A1NLD06,387199001527776343,,LE00499063,2020-02-23,,,NL08,04/04/2019 17:26,Goods Receipt,63,,Free,,,NL3133321083,,,
NR371,Bulk: MARS miniatures bulk 10 kg,906A1NLD06,387199001527776381,,LE00499059,2020-02-23,,,NL08,04/04/2019 17:27,Goods Receipt,63,,Free,,,NL3133321083,,,
NR371,Bulk: MARS miniatures bulk 10 kg,906A1NLD06,387199001527776510,,LE00498844,2020-02-23,,,NL08,03/04/2019 13:09,Goods Receipt,63,,Free,,,NL3133321075,,,
NR371,Bulk: MARS miniatures bulk 10 kg,906A1NLD06,387199001527777357,,LE00498841,2020-02-23,,,NL08,03/04/2019 13:09,Goods Receipt,63,,Free,,,NL3133321075,,,
NR371,Bulk: MARS miniatures bulk 10 kg,906A1NLD06,387199001527777425,,LE00498591,2020-02-23,,,NL08,01/04/2019 20:15,Goods Receipt,63,,Free,,,NL3133321064,,,
NR371,Bulk: MARS miniatures bulk 10 kg,906A1NLD06,387199001527777517,,LE00499056,2020-02-23,,,NL08,04/04/2019 17:28,Goods Receipt,63,,Free,,,NL3133321083,,,
NR371,Bulk: MARS miniatures bulk 10 kg,906A1NLD06,387199001527777722,,LE00499167,2020-02-23,,,NL08,05/04/2019 12:38,Goods Receipt,63,,Free,,,NL3133321088,,,
NR371,Bulk: MARS miniatures bulk 10 kg,906A1NLD06,387199001527777944,,LE00499057,2020-02-23,,,NL08,04/04/2019 17:28,Goods Receipt,63,,Free,,,NL3133321083,,,
NR376,Bulk: MILKY WAY miniatures bulk 8kg,905E3NLD06,387199001527743345,59285,LE00557333,2020-02-16,,,NL08,02/04/2019 07:01,Used for production,-21,,Used for production,,,,,,2.01 TWRAP1
NR278,Bulk: SNICKERS miniatures bulk 10kg,909B1NLD06,387199001528029301,59285,LE00498040,2020-02-23,,,NL08,02/04/2019 07:02,Used for production,-63,,Used for production,,,,,,2.01 TWRAP1
NR371,Bulk: MARS miniatures bulk 10 kg,905G3NLD06,387199001527770785,59285,LE00498471,2020-02-16,,,NL08,02/04/2019 07:02,Used for production,-63,,Used for production,,,,,,2.01 TWRAP1
NR260,Bulk: BOUNTY miniatures bulk 10 kg,906G1NLD12,387199001527842468,59285,LE00498184,2020-02-23,,,NL08,02/04/2019 07:02,Used for production,-63,,Used for production,,,,,,2.01 TWRAP1
NR376,Bulk: MILKY WAY miniatures bulk 8kg,909D2NLD06,387199001528057335,59285,LE00498476,2020-03-15,,,NL08,02/04/2019 07:46,Used for production,-63,,Used for production,,,,,,2.01 TWRAP1
AKA49,Mixed miniatures bag 3kg,914B91HC01,387199003513633128,59285,2272241,2020-03-29,,,NL08,02/04/2019 09:09,Goods Receipt Finished Goods,63,,Free,,,,,,2.01 TWRAP1
AKA49,Mixed miniatures bag 3kg,914B91HC01,387199003513633135,59285,2272242,2020-03-29,,,NL08,02/04/2019 10:08,Goods Receipt Finished Goods,63,,Free,,,,,,2.01 TWRAP1
AKA49,Mixed miniatures bag 3kg,914B91HC01,387199003513633142,59285,2272243,2020-03-29,,,NL08,02/04/2019 10:49,Goods Receipt Finished Goods,63,,Free,,,,,,2.01 TWRAP1
AKA49,Mixed miniatures bag 3kg,914B91HC01,387199003513633159,59285,2272244,2020-03-29,,,NL08,02/04/2019 11:34,Goods Receipt Finished Goods,63,,Free,,,,,,2.01 TWRAP1
NR371,Bulk: MARS miniatures bulk 10 kg,905G3NLD06,387199001527773397,59285,LE00498479,2020-02-16,,,NL08,02/04/2019 12:18,Used for production,-63,,Used for production,,,,,,2.01 TWRAP1
NR278,Bulk: SNICKERS miniatures bulk 10kg,909B3NLD06,387199001528037818,59285,LE00498364,2020-02-23,,,NL08,02/04/2019 12:19,Used for production,-63,,Used for production,,,,,,2.01 TWRAP1
NR376,Bulk: MILKY WAY miniatures bulk 8kg,909D2NLD06,387199001528056277,59285,LE00498470,2020-03-15,,,NL08,02/04/2019 12:19,Used for production,-63,,Used for production,,,,,,2.01 TWRAP1
NR260,Bulk: BOUNTY miniatures bulk 10 kg,906G1NLD12,387199001527845483,59285,LE00498160,2020-02-23,,,NL08,02/04/2019 12:19,Used for production,-63,,Used for production,,,,,,2.01 TWRAP1
AKA49,Mixed miniatures bag 3kg,914B91HC01,387199003513633166,59285,2272245,2020-03-29,,,NL08,02/04/2019 12:43,Goods Receipt Finished Goods,63,,Free,,,,,,2.01 TWRAP1
AKA49,Mixed miniatures bag 3kg,914B91HC01,387199003513633173,59285,2272246,2020-03-29,,,NL08,02/04/2019 13:39,Goods Receipt Finished Goods,63,,Free,,,,,,2.01 TWRAP1
AKA49,Mixed miniatures bag 3kg,914B91HC01,387199003513633180,59285,2272247,2020-03-29,,,NL08,02/04/2019 13:42,Goods Receipt Finished Goods,63,,Free,,,,,,2.01 TWRAP1
NR278,Bulk: SNICKERS miniatures bulk 10kg,911D3NLD06,387199001528181146,59285,LE00498658,2020-03-08,,,NL08,02/04/2019 13:54,Used for production,-63,,Used for production,,,,,,2.01 TWRAP1
NR371,Bulk: MARS miniatures bulk 10 kg,905G3NLD06,387199001527771416,59285,LE00498475,2020-02-16,,,NL08,02/04/2019 13:54,Used for production,-63,,Used for production,,,,,,2.01 TWRAP1
AKA49,Mixed miniatures bag 3kg,914B91HC01,387199003513633197,59285,2272248,2020-03-29,,,NL08,02/04/2019 14:31,Goods Receipt Finished Goods,63,,Free,,,,,,2.01 TWRAP1
AKA49,Mixed miniatures bag 3kg,914B91HC01,387199003513633203,59285,2272249,2020-03-29,,,NL08,02/04/2019 15:34,Goods Receipt Finished Goods,63,,Free,,,,,,2.01 TWRAP1
NR376,Bulk: MILKY WAY miniatures bulk 8kg,909D3NLD06,387199001528057847,59285,LE00498478,2020-03-15,,,NL08,02/04/2019 15:44,Used for production,-63,,Used for production,,,,,,2.01 TWRAP1
NR260,Bulk: BOUNTY miniatures bulk 10 kg,906G1NLD12,387199001527845131,59285,LE00498167,2020-02-23,,,NL08,02/04/2019 16:06,Used for production,-63,,Used for production,,,,,,2.01 TWRAP1
AKA49,Mixed miniatures bag 3kg,914B91HC01,387199003513633210,59285,2272250,2020-03-29,,,NL08,02/04/2019 16:34,Goods Receipt Finished Goods,63,,Free,,,,,,2.01 TWRAP1
NR371,Bulk: MARS miniatures bulk 10 kg,904C1NLD06,387199001527645427,59285,LE00497976,2020-02-09,,,NL08,02/04/2019 16:55,Used for production,-63,,Used for production,,,,,,2.01 TWRAP1
NR278,Bulk: SNICKERS miniatures bulk 10kg,911D3NLD06,387199001528180101,59285,LE00498656,2020-03-08,,,NL08,02/04/2019 16:55,Used for production,-63,,Used for production,,,,,,2.01 TWRAP1
AKA49,Mixed miniatures bag 3kg,914B91HC01,387199003513633227,59285,2272251,2020-03-29,,,NL08,02/04/2019 17:47,Goods Receipt Finished Goods,63,,Free,,,,,,2.01 TWRAP1
AKA49,Mixed miniatures bag 3kg,914B91HC01,387199003513633234,59285,2272252,2020-03-29,,,NL08,02/04/2019 18:32,Goods Receipt Finished Goods,63,,Free,,,,,,2.01 TWRAP1
NR376,Bulk: MILKY WAY miniatures bulk 8kg,909D2NLD06,387199001528057267,59285,LE00498477,2020-03-15,,,NL08,02/04/2019 18:56,Used for production,-63,,Used for production,,,,,,2.01 TWRAP1
AKA49,Mixed miniatures bag 3kg,914B91HC01,387199003513633241,59285,2272253,2020-03-29,,,NL08,02/04/2019 19:16,Goods Receipt Finished Goods,63,,Free,,,,,,2.01 TWRAP1
AKA49,Mixed miniatures bag 3kg,914B91HC01,387199003513633258,59285,2272254,2020-03-29,,,NL08,02/04/2019 20:40,Goods Receipt Finished Goods,63,,Free,,,,,,2.01 TWRAP1
NR371,Bulk: MARS miniatures bulk 10 kg,905G3NLD06,387199001527773861,59285,LE00498468,2020-02-16,,,NL08,02/04/2019 20:41,Used for production,-63,,Used for production,,,,,,2.01 TWRAP1
NR278,Bulk: SNICKERS miniatures bulk 10kg,911D3NLD06,387199001528181047,59285,LE00498531,2020-03-08,,,NL08,02/04/2019 20:48,Used for production,-63,,Used for production,,,,,,2.01 TWRAP1
AKA49,Mixed miniatures bag 3kg,914B91HC01,387199003513633265,59285,2272255,2020-03-29,,,NL08,02/04/2019 21:25,Goods Receipt Finished Goods,63,,Free,,,,,,2.01 TWRAP1
AKA49,Mixed miniatures bag 3kg,914B91HC01,387199003513633272,59285,2272256,2020-03-29,,,NL08,02/04/2019 22:21,Goods Receipt Finished Goods,63,,Free,,,,,,2.01 TWRAP1
NR376,Bulk: MILKY WAY miniatures bulk 8kg,909D3NLD06,387199001528057960,59285,LE00498450,2020-03-15,,,NL08,02/04/2019 22:47,Used for production,-63,,Used for production,,,,,,2.01 TWRAP1
AKA49,Mixed miniatures bag 3kg,914B91HC01,387199003513633289,59285,2272257,2020-03-29,,,NL08,02/04/2019 23:07,Goods Receipt Finished Goods,63,,Free,,,,,,2.01 TWRAP1
AKA49,Mixed miniatures bag 3kg,914B91HC01,387199003513633296,59285,2272258,2020-03-29,,,NL08,02/04/2019 23:41,Goods Receipt Finished Goods,63,,Free,,,,,,2.01 TWRAP1
NR371,Bulk: MARS miniatures bulk 10 kg,904C1NLD06,387199001527646752,59285,LE00497962,2020-02-09,,,NL08,03/04/2019 06:22,Used for production,-63,,Used for production,,,,,,2.01 TWRAP1
NR278,Bulk: SNICKERS miniatures bulk 10kg,911D3NLD06,387199001528180767,59285,LE00498532,2020-03-08,,,NL08,03/04/2019 06:22,Used for production,-63,,Used for production,,,,,,2.01 TWRAP1
NR260,Bulk: BOUNTY miniatures bulk 10 kg,906G1NLD12,387199001527844202,59285,LE00498165,2020-02-23,,,NL08,03/04/2019 07:26,Used for production,-63,,Used for production,,,,,,2.01 TWRAP1
AKA49,Mixed miniatures bag 3kg,914B91HC01,387199003513633319,59285,2272260,2020-03-29,,,NL08,03/04/2019 07:47,Goods Receipt Finished Goods,63,,Free,,,,,,2.01 TWRAP1
AKA49,Mixed miniatures bag 3kg,914B91HC01,387199003513633302,59285,2272259,2020-03-29,,,NL08,03/04/2019 07:48,Goods Receipt Finished Goods,63,,Free,,,,,,2.01 TWRAP1
AKA49,Mixed miniatures bag 3kg,914B91HC01,387199003513633326,59285,2272261,2020-03-29,,,NL08,03/04/2019 08:51,Goods Receipt Finished Goods,63,,Free,,,,,,2.01 TWRAP1
NR376,Bulk: MILKY WAY miniatures bulk 8kg,909D2NLD06,387199001528057137,59285,LE00498481,2020-03-15,,,NL08,03/04/2019 08:54,Used for production,-63,,Used for production,,,,,,2.01 TWRAP1
NR371,Bulk: MARS miniatures bulk 10 kg,904C1NLD06,387199001527646608,59285,LE00497967,2020-02-09,,,NL08,03/04/2019 08:54,Used for production,-63,,Used for production,,,,,,2.01 TWRAP1
NR278,Bulk: SNICKERS miniatures bulk 10kg,911D3NLD06,387199001528181245,59285,LE00498533,2020-03-08,,,NL08,03/04/2019 09:00,Used for production,-63,,Used for production,,,,,,2.01 TWRAP1
AKA49,Mixed miniatures bag 3kg,914B91HC01,387199003513633340,59285,2272263,2020-03-29,,,NL08,03/04/2019 10:07,Goods Receipt Finished Goods,63,,Free,,,,,,2.01 TWRAP1
AKA49,Mixed miniatures bag 3kg,914B91HC01,387199003513633333,59285,2272262,2020-03-29,,,NL08,03/04/2019 10:08,Goods Receipt Finished Goods,63,,Free,,,,,,2.01 TWRAP1
NR260,Bulk: BOUNTY miniatures bulk 10 kg,906G2NLD12,387199001527850685,59285,LE00498580,2020-02-23,,,NL08,03/04/2019 11:47,Used for production,-63,,Used for production,,,,,,2.01 TWRAP1
AKA49,Mixed miniatures bag 3kg,914B91HC01,387199003513633357,59285,2272264,2020-03-29,,,NL08,03/04/2019 12:03,Goods Receipt Finished Goods,63,,Free,,,,,,2.01 TWRAP1
AKA49,Mixed miniatures bag 3kg,914B91HC01,387199003513633364,59285,2272265,2020-03-29,,,NL08,03/04/2019 12:04,Goods Receipt Finished Goods,63,,Free,,,,,,2.01 TWRAP1
NR376,Bulk: MILKY WAY miniatures bulk 8kg,909D3NLD06,387199001528057878,59285,LE00498760,2020-03-15,,,NL08,03/04/2019 12:33,Used for production,-63,,Used for production,,,,,,2.01 TWRAP1
NR371,Bulk: MARS miniatures bulk 10 kg,905G3NLD06,387199001527773854,59285,LE00498575,2020-02-16,,,NL08,03/04/2019 12:33,Used for production,-63,,Used for production,,,,,,2.01 TWRAP1
NR278,Bulk: SNICKERS miniatures bulk 10kg,911D3NLD06,387199001528179068,59285,LE00498544,2020-03-08,,,NL08,03/04/2019 13:03,Used for production,-63,,Used for production,,,,,,2.01 TWRAP1
AKA49,Mixed miniatures bag 3kg,914B91HC01,387199003513633388,59285,2272267,2020-03-29,,,NL08,03/04/2019 13:50,Goods Receipt Finished Goods,63,,Free,,,,,,2.01 TWRAP1
AKA49,Mixed miniatures bag 3kg,914B91HC01,387199003513633371,59285,2272266,2020-03-29,,,NL08,03/04/2019 13:51,Goods Receipt Finished Goods,63,,Free,,,,,,2.01 TWRAP1
AKA49,Mixed miniatures bag 3kg,914B91HC01,387199003513633395,59285,2272268,2020-03-29,,,NL08,03/04/2019 14:35,Goods Receipt Finished Goods,63,,Free,,,,,,2.01 TWRAP1
AKA49,Mixed miniatures bag 3kg,914B91HC01,387199003513633401,59285,2272269,2020-03-29,,,NL08,03/04/2019 15:51,Goods Receipt Finished Goods,63,,Free,,,,,,2.01 TWRAP1
NR371,Bulk: MARS miniatures bulk 10 kg,905G3NLD06,387199001527773625,59285,LE00498469,2020-02-16,,,NL08,03/04/2019 15:57,Used for production,-63,,Used for production,,,,,,2.01 TWRAP1
NR278,Bulk: SNICKERS miniatures bulk 10kg,911E2NLD06,387199001528190278,59285,LE00498804,2020-03-08,,,NL08,03/04/2019 16:09,Used for production,-63,,Used for production,,,,,,2.01 TWRAP1
NR376,Bulk: MILKY WAY miniatures bulk 8kg,909D3NLD06,387199001528057380,59285,LE00498758,2020-03-15,,,NL08,03/04/2019 16:09,Used for production,-63,,Used for production,,,,,,2.01 TWRAP1
NR260,Bulk: BOUNTY miniatures bulk 10 kg,906G2NLD12,387199001527849900,59285,LE00498581,2020-02-23,,,NL08,03/04/2019 16:20,Used for production,-63,,Used for production,,,,,,2.01 TWRAP1
AKA49,Mixed miniatures bag 3kg,914B91HC01,387199003513633418,59285,2272270,2020-03-29,,,NL08,03/04/2019 16:27,Goods Receipt Finished Goods,63,,Free,,,,,,2.01 TWRAP1
AKA49,Mixed miniatures bag 3kg,914B91HC01,387199003513633425,59285,2272271,2020-03-29,,,NL08,03/04/2019 17:20,Goods Receipt Finished Goods,63,,Free,,,,,,2.01 TWRAP1
AKA49,Mixed miniatures bag 3kg,914B91HC01,387199003513633432,59285,2272272,2020-03-29,,,NL08,03/04/2019 17:58,Goods Receipt Finished Goods,63,,Free,,,,,,2.01 TWRAP1
NR371,Bulk: MARS miniatures bulk 10 kg,906A2NLD06,387199001527779122,59285,LE00498585,2020-02-23,,,NL08,03/04/2019 18:10,Used for production,-63,,Used for production,,,,,,2.01 TWRAP1
AKA49,Mixed miniatures bag 3kg,914B91HC01,387199003513633449,59285,2272273,2020-03-29,,,NL08,03/04/2019 18:49,Goods Receipt Finished Goods,63,,Free,,,,,,2.01 TWRAP1
NR278,Bulk: SNICKERS miniatures bulk 10kg,911D3NLD06,387199001528180491,59285,LE00498545,2020-03-08,,,NL08,03/04/2019 18:49,Used for production,-63,,Used for production,,,,,,2.01 TWRAP1
NR376,Bulk: MILKY WAY miniatures bulk 8kg,909D3NLD06,387199001528058172,59285,LE00498750,2020-03-15,,,NL08,03/04/2019 19:20,Used for production,-63,,Used for production,,,,,,2.01 TWRAP1
AKA49,Mixed miniatures bag 3kg,914B91HC01,387199003513633456,59285,2272274,2020-03-29,,,NL08,03/04/2019 20:34,Goods Receipt Finished Goods,63,,Free,,,,,,2.01 TWRAP1
AKA49,Mixed miniatures bag 3kg,914B91HC01,387199003513633463,59285,2272275,2020-03-29,,,NL08,03/04/2019 21:06,Goods Receipt Finished Goods,63,,Free,,,,,,2.01 TWRAP1
NR260,Bulk: BOUNTY miniatures bulk 10 kg,906G2NLD12,387199001527850470,59285,LE00498584,2020-02-23,,,NL08,03/04/2019 21:15,Used for production,-63,,Used for production,,,,,,2.01 TWRAP1
NR371,Bulk: MARS miniatures bulk 10 kg,906A1NLD06,387199001527776145,59285,LE00498587,2020-02-23,,,NL08,03/04/2019 21:33,Used for production,-63,,Used for production,,,,,,2.01 TWRAP1
AKA49,Mixed miniatures bag 3kg,914B91HC01,387199003513633470,59285,2272276,2020-03-29,,,NL08,03/04/2019 21:56,Goods Receipt Finished Goods,63,,Free,,,,,,2.01 TWRAP1
NR278,Bulk: SNICKERS miniatures bulk 10kg,911D3NLD06,387199001528180323,59285,LE00498639,2020-03-08,,,NL08,03/04/2019 22:45,Used for production,-63,,Used for production,,,,,,2.01 TWRAP1
AKA49,Mixed miniatures bag 3kg,914B91HC01,387199003513633487,59285,2272277,2020-03-29,,,NL08,03/04/2019 22:59,Goods Receipt Finished Goods,63,,Free,,,,,,2.01 TWRAP1
AKA49,Mixed miniatures bag 3kg,914B91HC01,387199003513633494,59285,2272278,2020-03-29,,,NL08,03/04/2019 23:37,Goods Receipt Finished Goods,63,,Free,,,,,,2.01 TWRAP1
NR376,Bulk: MILKY WAY miniatures bulk 8kg,909D3NLD06,387199001528057984,59285,LE00498752,2020-03-15,,,NL08,04/04/2019 06:20,Used for production,-63,,Used for production,,,,,,2.01 TWRAP1
NR371,Bulk: MARS miniatures bulk 10 kg,905G3NLD06,387199001527771874,59285,LE00498590,2020-02-16,,,NL08,04/04/2019 07:08,Used for production,-63,,Used for production,,,,,,2.01 TWRAP1
AKA49,Mixed miniatures bag 3kg,914B91HC01,387199003513633500,59285,2272279,2020-03-29,,,NL08,04/04/2019 07:35,Goods Receipt Finished Goods,63,,Free,,,,,,2.01 TWRAP1
AKA49,Mixed miniatures bag 3kg,914B91HC01,387199003513633517,59285,2272280,2020-03-29,,,NL08,04/04/2019 07:35,Goods Receipt Finished Goods,63,,Free,,,,,,2.01 TWRAP1
NR260,Bulk: BOUNTY miniatures bulk 10 kg,906G3NLD12,387199001527851156,59285,LE00498599,2020-02-23,,,NL08,04/04/2019 07:49,Used for production,-63,,Used for production,,,,,,2.01 TWRAP1
NR278,Bulk: SNICKERS miniatures bulk 10kg,911D3NLD06,387199001528179211,59285,LE00498646,2020-03-08,,,NL08,04/04/2019 08:41,Used for production,-63,,Used for production,,,,,,2.01 TWRAP1
AKA49,Mixed miniatures bag 3kg,914B91HC01,387199003513633524,59285,2272281,2020-03-29,,,NL08,04/04/2019 09:33,Goods Receipt Finished Goods,63,,Free,,,,,,2.01 TWRAP1
AKA49,Mixed miniatures bag 3kg,914B91HC01,387199003513633531,59285,2272282,2020-03-29,,,NL08,04/04/2019 09:34,Goods Receipt Finished Goods,63,,Free,,,,,,2.01 TWRAP1
NR376,Bulk: MILKY WAY miniatures bulk 8kg,909D3NLD06,387199001528057762,59285,LE00498754,2020-03-15,,,NL08,04/04/2019 09:37,Used for production,-63,,Used for production,,,,,,2.01 TWRAP1
NR371,Bulk: MARS miniatures bulk 10 kg,905G3NLD06,387199001527771874,59285,LE00498590,2020-02-16,,,NL08,04/04/2019 10:00,Line Clearance,4,,Free,,,,,,2.01 TWRAP1
NR376,Bulk: MILKY WAY miniatures bulk 8kg,909D3NLD06,387199001528057762,59285,LE00498754,2020-03-15,,,NL08,04/04/2019 10:00,Line Clearance,48,,Free,,,,,,2.01 TWRAP1
NR260,Bulk: BOUNTY miniatures bulk 10 kg,906G3NLD12,387199001527851156,59285,LE00498599,2020-02-23,,,NL08,04/04/2019 10:01,Line Clearance,48,,Free,,,,,,2.01 TWRAP1
NR278,Bulk: SNICKERS miniatures bulk 10kg,911D3NLD06,387199001528179211,59285,LE00498646,2020-03-08,,,NL08,04/04/2019 10:01,Line Clearance,30,,Free,,,,,,2.01 TWRAP1
AKA49,Mixed miniatures bag 3kg,914B91HC01,387199003513633548,59285,2272283,2020-03-29,,,NL08,04/04/2019 10:52,Goods Receipt Finished Goods,63,,Free,,,,,,2.01 TWRAP1
NR260,Bulk: BOUNTY miniatures bulk 10 kg,906G3NLD12,387199001527852481,59285,LE00498166,2020-02-23,,,NL08,04/04/2019 23:30,Used for production,-63,,Used for production,,,,,,2.01 TWRAP1
NR260,Bulk: BOUNTY miniatures bulk 10 kg,,,59285,,,,,NL08,05/04/2019 07:07,Waste for Production order,-16.7514,,Free,,,,,,2.01 TWRAP1
NR371,Bulk: MARS miniatures bulk 10 kg,,,59285,,,,,NL08,05/04/2019 07:07,Waste for Production order,-20.57,,Free,,,,,,2.01 TWRAP1
NR376,Bulk: MILKY WAY miniatures bulk 8kg,,,59285,,,,,NL08,05/04/2019 07:07,Waste for Production order,-8.7966,,Free,,,,,,2.01 TWRAP1
NR278,Bulk: SNICKERS miniatures bulk 10kg,,,59285,,,,,NL08,05/04/2019 07:07,Waste for Production order,-39.5394,,Free,,,,,,2.01 TWRAP1
NR278,Bulk: SNICKERS miniatures bulk 10kg,911D3NLD06,387199001528179990,59289,LE00498648,2020-03-08,,,NL08,04/04/2019 20:56,Used for production,-40,,Used for production,,,,,,2.01 TWRAP1
NR371,Bulk: MARS miniatures bulk 10 kg,906A1NLD06,387199001527776510,59289,LE00498844,2020-02-23,,,NL08,04/04/2019 20:56,Used for production,-52,,Used for production,,,,,,2.01 TWRAP1
NR260,Bulk: BOUNTY miniatures bulk 10 kg,906G2NLD12,387199001527850852,59289,LE00498605,2020-02-23,,,NL08,04/04/2019 20:57,Used for production,-34,,Used for production,,,,,,2.01 TWRAP1
NR292,Bulk: MALTESERS Crunchy bulk 10kg,904A1VSN04,340111000024628879,59289,LE00497084,2020-01-19,,,NL08,04/04/2019 21:02,Used for production,-23,,Used for production,,,,,,2.01 TWRAP1
VK329,Bulk: Twix miniatures bulk 10 kg,911D1NLD07,387199001528172717,59289,LE00498140,2019-10-13,,,NL08,04/04/2019 21:07,Used for production,-63,,Used for production,,,,,,2.01 TWRAP1
NR816,Bulk: DOVE chunk bulk 10kg,903B1VSN04,340111000024607171,59289,LE00508832,2020-01-12,,,NL08,04/04/2019 21:07,Used for production,-63,,Used for production,,,,,,2.01 TWRAP1
NR811,Bulk: DOVE caramel bulk 10 kg,902G3VSN04,340111000024604286,59289,LE00508921,2020-01-05,,,NL08,04/04/2019 21:08,Used for production,-63,,Used for production,,,,,,2.01 TWRAP1
BB47D,Bulk:MW CR miniatures wafer,907D3BBN03,390111002005761808,59289,LE00508912,2020-02-09,,,NL08,04/04/2019 21:16,Used for production,-63,,Used for production,,,,,,2.01 TWRAP1
BF57S,Celebrations Sharing bag,914D91HC01,387199003513636297,59289,2272558,2020-03-29,,,NL08,04/04/2019 22:50,Goods Receipt Finished Goods,88,,Free,,,,,,2.01 TWRAP1
NR292,Bulk: MALTESERS Crunchy bulk 10kg,,,59289,,,,,NL08,05/04/2019 06:45,Waste for Production order,-2.5976,,Free,,,,,,2.01 TWRAP1
NR260,Bulk: BOUNTY miniatures bulk 10 kg,,,59289,,,,,NL08,05/04/2019 06:45,Waste for Production order,3.4187,,Free,,,,,,2.01 TWRAP1
NR816,Bulk: DOVE chunk bulk 10kg,,,59289,,,,,NL08,05/04/2019 06:45,Waste for Production order,-10.5404,,Free,,,,,,2.01 TWRAP1
NR371,Bulk: MARS miniatures bulk 10 kg,,,59289,,,,,NL08,05/04/2019 06:45,Waste for Production order,-4.28,,Free,,,,,,2.01 TWRAP1
NR278,Bulk: SNICKERS miniatures bulk 10kg,,,59289,,,,,NL08,05/04/2019 06:45,Waste for Production order,-5.5813,,Free,,,,,,2.01 TWRAP1
NR811,Bulk: DOVE caramel bulk 10 kg,,,59289,,,,,NL08,05/04/2019 06:45,Waste for Production order,-10.5404,,Free,,,,,,2.01 TWRAP1
BB47D,Bulk:MW CR miniatures wafer,,,59289,,,,,NL08,05/04/2019 06:45,Waste for Production order,-10.8111,,Free,,,,,,2.01 TWRAP1
VK329,Bulk: Twix miniatures bulk 10 kg,,,59289,,,,,NL08,05/04/2019 06:45,Waste for Production order,-11.71,,Free,,,,,,2.01 TWRAP1
BF57S,Celebrations Sharing bag,914D91HC01,387199003513636303,59289,2272559,2020-03-29,,,NL08,05/04/2019 07:41,Goods Receipt Finished Goods,88,,Free,,,,,,2.01 TWRAP1
BF57S,Celebrations Sharing bag,914E91HC01,387199003513636310,59289,2272560,2020-03-29,,,NL08,05/04/2019 07:42,Goods Receipt Finished Goods,88,,Free,,,,,,2.01 TWRAP1
BF57S,Celebrations Sharing bag,914E91HC01,387199003513636327,59289,2272561,2020-03-29,,,NL08,05/04/2019 08:47,Goods Receipt Finished Goods,88,,Free,,,,,,2.01 TWRAP1
BF57S,Celebrations Sharing bag,914E91HC01,387199003513636334,59289,2272562,2020-03-29,,,NL08,05/04/2019 08:50,Goods Receipt Finished Goods,88,,Free,,,,,,2.01 TWRAP1
BF57S,Celebrations Sharing bag,914E91HC01,387199003513636341,59289,2272563,2020-03-29,,,NL08,05/04/2019 10:01,Goods Receipt Finished Goods,88,,Free,,,,,,2.01 TWRAP1
BF57S,Celebrations Sharing bag,914E91HC01,387199003513636358,59289,2272564,2020-03-29,,,NL08,05/04/2019 10:02,Goods Receipt Finished Goods,88,,Free,,,,,,2.01 TWRAP1
BF57S,Celebrations Sharing bag,914E91HC01,387199003513636365,59289,2272565,2020-03-29,,,NL08,05/04/2019 10:02,Goods Receipt Finished Goods,88,,Free,,,,,,2.01 TWRAP1
BF57S,Celebrations Sharing bag,914E91HC01,387199003513636372,59289,2272566,2020-03-29,,,NL08,05/04/2019 13:17,Goods Receipt Finished Goods,88,,Free,,,,,,2.01 TWRAP1
BF57S,Celebrations Sharing bag,914E91HC01,387199003513636389,59289,2272567,2020-03-29,,,NL08,05/04/2019 13:18,Goods Receipt Finished Goods,88,,Free,,,,,,2.01 TWRAP1
NR260,Bulk: BOUNTY miniatures bulk 10 kg,906G2NLD12,387199001527850852,59289,LE00498605,2020-02-23,,,NL08,05/04/2019 13:38,Line Clearance,2,,Free,,,,,,2.01 TWRAP1
NR811,Bulk: DOVE caramel bulk 10 kg,902G3VSN04,340111000024604286,59289,LE00508921,2020-01-05,,,NL08,05/04/2019 13:38,Line Clearance,40,,Free,,,,,,2.01 TWRAP1
NR371,Bulk: MARS miniatures bulk 10 kg,906A1NLD06,387199001527776510,59289,LE00498844,2020-02-23,,,NL08,05/04/2019 13:39,Line Clearance,4,,Free,,,,,,2.01 TWRAP1
NR292,Bulk: MALTESERS Crunchy bulk 10kg,904A1VSN04,340111000024628879,59289,LE00497084,2020-01-19,,,NL08,05/04/2019 13:39,Line Clearance,3,,Free,,,,,,2.01 TWRAP1
NR816,Bulk: DOVE chunk bulk 10kg,903B1VSN04,340111000024607171,59289,LE00508832,2020-01-12,,,NL08,05/04/2019 13:39,Line Clearance,43,,Free,,,,,,2.01 TWRAP1
NR278,Bulk: SNICKERS miniatures bulk 10kg,911D3NLD06,387199001528179990,59289,LE00498648,2020-03-08,,,NL08,05/04/2019 13:40,Line Clearance,1,,Free,,,,,,2.01 TWRAP1
BB47D,Bulk:MW CR miniatures wafer,907D3BBN03,390111002005761808,59289,LE00508912,2020-02-09,,,NL08,05/04/2019 13:41,Line Clearance,27,,Free,,,,,,2.01 TWRAP1
VK329,Bulk: Twix miniatures bulk 10 kg,911D1NLD07,387199001528172717,59289,LE00498140,2019-10-13,,,NL08,05/04/2019 13:41,Line Clearance,22,,Free,,,,,,2.01 TWRAP1
BF57S,Celebrations Sharing bag,914E91HC01,387199003513661930,59289,2281714,2020-03-29,,,NL08,05/04/2019 13:48,Goods Receipt Finished Goods,88,,Free,,,,,,2.01 TWRAP1
BF57S,Celebrations Sharing bag,914E91HC01,387199003513661923,59289,2281713,2020-03-29,,,NL08,05/04/2019 13:56,Goods Receipt Finished Goods,88,,Free,,,,,,2.01 TWRAP1
NR292,Bulk: MALTESERS Crunchy bulk 10kg,,,59289,,,,,NL08,08/04/2019 08:13,Waste for Production order,0.3384,,Free,,,,,,2.01 TWRAP1
NR260,Bulk: BOUNTY miniatures bulk 10 kg,,,59289,,,,,NL08,08/04/2019 08:13,Waste for Production order,-2.7883,,Free,,,,,,2.01 TWRAP1
NR816,Bulk: DOVE chunk bulk 10kg,,,59289,,,,,NL08,08/04/2019 08:13,Waste for Production order,8.7036,,Free,,,,,,2.01 TWRAP1
NR371,Bulk: MARS miniatures bulk 10 kg,,,59289,,,,,NL08,08/04/2019 08:13,Waste for Production order,-1.48,,Free,,,,,,2.01 TWRAP1
NR278,Bulk: SNICKERS miniatures bulk 10kg,,,59289,,,,,NL08,08/04/2019 08:13,Waste for Production order,-0.7883,,Free,,,,,,2.01 TWRAP1
NR811,Bulk: DOVE caramel bulk 10 kg,,,59289,,,,,NL08,08/04/2019 08:13,Waste for Production order,5.7036,,Free,,,,,,2.01 TWRAP1
BB47D,Bulk:MW CR miniatures wafer,,,59289,,,,,NL08,08/04/2019 08:13,Waste for Production order,-1.6401,,Free,,,,,,2.01 TWRAP1
VK329,Bulk: Twix miniatures bulk 10 kg,,,59289,,,,,NL08,08/04/2019 08:13,Waste for Production order,2.39,,Free,,,,,,2.01 TWRAP1
VK329,Bulk: Twix miniatures bulk 10 kg,911D1NLD07,387199001528173271,59290,LE00498151,2019-10-13,,,NL08,02/04/2019 14:07,Used for production,-30,,Used for production,,,,,,2.04 CELTIN
NR278,Bulk: SNICKERS miniatures bulk 10kg,911D3NLD06,387199001528180965,59290,LE00498519,2020-03-08,,,NL08,02/04/2019 14:07,Used for production,-14,,Used for production,,,,,,2.04 CELTIN
NR371,Bulk: MARS miniatures bulk 10 kg,905G3NLD06,387199001527770068,59290,LE00498449,2020-02-16,,,NL08,02/04/2019 14:08,Used for production,-8,,Used for production,,,,,,2.04 CELTIN
NR260,Bulk: BOUNTY miniatures bulk 10 kg,906C1NLD12,387199001527795665,59290,LE00498059,2020-02-23,,,NL08,02/04/2019 14:08,Used for production,-41,,Used for production,,,,,,2.04 CELTIN
NR811,Bulk: DOVE caramel bulk 10 kg,902G2VSN04,340111000024602824,59290,LE00560446,2020-01-05,,,NL08,02/04/2019 14:11,Used for production,-8,,Used for production,,,,,,2.04 CELTIN
BB47D,Bulk:MW CR miniatures wafer,907D1BBN03,390111002005761228,59290,LE00560444,2020-02-09,,,NL08,02/04/2019 14:11,Used for production,-24,,Used for production,,,,,,2.04 CELTIN
NR292,Bulk: MALTESERS Crunchy bulk 10kg,904A2VSN04,340111000024629333,59290,LE00560448,2020-01-19,,,NL08,02/04/2019 14:11,Used for production,-47,,Used for production,,,,,,2.04 CELTIN
NR816,Bulk: DOVE chunk bulk 10kg,903B1VSN04,340111000024607300,59290,LE00560447,2020-01-12,,,NL08,02/04/2019 14:11,Used for production,-10,,Used for production,,,,,,2.04 CELTIN
NR811,Bulk: DOVE caramel bulk 10 kg,902G3VSN04,340111000024604736,59290,LE00508915,2020-01-05,,,NL08,02/04/2019 14:21,Used for production,-63,,Used for production,,,,,,2.04 CELTIN
NR816,Bulk: DOVE chunk bulk 10kg,903B1VSN04,340111000024607409,59290,LE00508826,2020-01-12,,,NL08,02/04/2019 14:22,Used for production,-63,,Used for production,,,,,,2.04 CELTIN
BF56S,Celebrations Tin,914C91HC04,387199003513636396,59290,2272568,2020-03-29,,,NL08,03/04/2019 06:56,Goods Receipt Finished Goods,54,,Free,,,,,,2.04 CELTIN
NR371,Bulk: MARS miniatures bulk 10 kg,904C1NLD06,387199001527646226,59290,LE00497963,2020-02-09,,,NL08,03/04/2019 07:07,Used for production,-63,,Used for production,,,,,,2.04 CELTIN
BF56S,Celebrations Tin,914C91HC04,387199003513636402,59290,2272569,2020-03-29,,,NL08,03/04/2019 07:31,Goods Receipt Finished Goods,54,,Free,,,,,,2.04 CELTIN
NR278,Bulk: SNICKERS miniatures bulk 10kg,911D3NLD06,387199001528180408,59290,LE00498643,2020-03-08,,,NL08,03/04/2019 07:37,Used for production,-63,,Used for production,,,,,,2.04 CELTIN
BB47D,Bulk:MW CR miniatures wafer,907D2BBN03,390111002005761624,59290,LE00508917,2020-02-09,,,NL08,03/04/2019 08:23,Used for production,-63,,Used for production,,,,,,2.04 CELTIN
BF56S,Celebrations Tin,914C91HC04,387199003513636419,59290,2272570,2020-03-29,,,NL08,03/04/2019 08:31,Goods Receipt Finished Goods,54,,Free,,,,,,2.04 CELTIN
BF56S,Celebrations Tin,914C91HC04,387199003513636426,59290,2272571,2020-03-29,,,NL08,03/04/2019 09:08,Goods Receipt Finished Goods,54,,Free,,,,,,2.04 CELTIN
VK329,Bulk: Twix miniatures bulk 10 kg,912A3NLD07,387199001528227912,59290,LE00498417,2019-10-20,,,NL08,03/04/2019 09:25,Used for production,-63,,Used for production,,,,,,2.04 CELTIN
BF56S,Celebrations Tin,914C91HC04,387199003513636433,59290,2272572,2020-03-29,,,NL08,03/04/2019 09:47,Goods Receipt Finished Goods,54,,Free,,,,,,2.04 CELTIN
BF56S,Celebrations Tin,914C91HC04,387199003513636440,59290,2272573,2020-03-29,,,NL08,03/04/2019 10:58,Goods Receipt Finished Goods,54,,Free,,,,,,2.04 CELTIN
BF56S,Celebrations Tin,914C91HC04,387199003513636457,59290,2272574,2020-03-29,,,NL08,03/04/2019 12:03,Goods Receipt Finished Goods,54,,Free,,,,,,2.04 CELTIN
BF56S,Celebrations Tin,914C91HC04,387199003513636464,59290,2272575,2020-03-29,,,NL08,03/04/2019 12:25,Goods Receipt Finished Goods,54,,Free,,,,,,2.04 CELTIN
BF56S,Celebrations Tin,914C91HC04,387199003513636471,59290,2272576,2020-03-29,,,NL08,03/04/2019 13:32,Goods Receipt Finished Goods,54,,Free,,,,,,2.04 CELTIN
NR260,Bulk: BOUNTY miniatures bulk 10 kg,906G2NLD12,387199001527849733,59290,LE00498578,2020-02-23,,,NL08,03/04/2019 14:02,Used for production,-63,,Used for production,,,,,,2.04 CELTIN
BF56S,Celebrations Tin,914C91HC04,387199003513636488,59290,2272577,2020-03-29,,,NL08,03/04/2019 14:07,Goods Receipt Finished Goods,54,,Free,,,,,,2.04 CELTIN
NR371,Bulk: MARS miniatures bulk 10 kg,905G3NLD06,387199001527770938,59290,LE00498577,2020-02-16,,,NL08,03/04/2019 14:32,Used for production,-63,,Used for production,,,,,,2.04 CELTIN
BF56S,Celebrations Tin,914C91HC04,387199003513636495,59290,2272578,2020-03-29,,,NL08,04/04/2019 06:13,Goods Receipt Finished Goods,54,,Free,,,,,,2.04 CELTIN
BF56S,Celebrations Tin,914D91HC04,387199003513636501,59290,2272579,2020-03-29,,,NL08,04/04/2019 06:50,Goods Receipt Finished Goods,54,,Free,,,,,,2.04 CELTIN
NR278,Bulk: SNICKERS miniatures bulk 10kg,911E1NLD06,387199001528184826,59290,LE00498822,2020-03-08,,,NL08,04/04/2019 07:08,Used for production,-63,,Used for production,,,,,,2.04 CELTIN
BF56S,Celebrations Tin,914D91HC04,387199003513636518,59290,2272580,2020-03-29,,,NL08,04/04/2019 07:25,Goods Receipt Finished Goods,54,,Free,,,,,,2.04 CELTIN
BF56S,Celebrations Tin,914D91HC04,387199003513636525,59290,2272581,2020-03-29,,,NL08,04/04/2019 08:30,Goods Receipt Finished Goods,54,,Free,,,,,,2.04 CELTIN
BF56S,Celebrations Tin,914D91HC04,387199003513636532,59290,2272582,2020-03-29,,,NL08,04/04/2019 09:22,Goods Receipt Finished Goods,54,,Free,,,,,,2.04 CELTIN
BF56S,Celebrations Tin,914D91HC04,387199003513636549,59290,2272583,2020-03-29,,,NL08,04/04/2019 10:01,Goods Receipt Finished Goods,54,,Free,,,,,,2.04 CELTIN
VK329,Bulk: Twix miniatures bulk 10 kg,911D1NLD07,387199001528171918,59290,LE00498148,2019-10-13,,,NL08,04/04/2019 10:55,Used for production,-63,,Used for production,,,,,,2.04 CELTIN
BB47D,Bulk:MW CR miniatures wafer,907D2BBN03,390111002005761433,59290,LE00508913,2020-02-09,,,NL08,04/04/2019 11:14,Used for production,-63,,Used for production,,,,,,2.04 CELTIN
BF56S,Celebrations Tin,914D91HC04,387199003513636556,59290,2272584,2020-03-29,,,NL08,04/04/2019 11:19,Goods Receipt Finished Goods,54,,Free,,,,,,2.04 CELTIN
NR811,Bulk: DOVE caramel bulk 10 kg,902G3VSN04,340111000024604613,59290,LE00508920,2020-01-05,,,NL08,04/04/2019 11:40,Used for production,-63,,Used for production,,,,,,2.04 CELTIN
BF56S,Celebrations Tin,914D91HC04,387199003513636563,59290,2272585,2020-03-29,,,NL08,04/04/2019 11:53,Goods Receipt Finished Goods,54,,Free,,,,,,2.04 CELTIN
NR292,Bulk: MALTESERS Crunchy bulk 10kg,903F2VSN04,340111000024622747,59290,LE00507318,2020-01-12,,,NL08,04/04/2019 12:12,Used for production,-63,,Used for production,,,,,,2.04 CELTIN
BF56S,Celebrations Tin,914D91HC04,387199003513636570,59290,2272586,2020-03-29,,,NL08,04/04/2019 12:31,Goods Receipt Finished Goods,54,,Free,,,,,,2.04 CELTIN
NR371,Bulk: MARS miniatures bulk 10 kg,906A1NLD06,387199001527774417,59290,LE00498848,2020-02-23,,,NL08,04/04/2019 13:05,Used for production,-63,,Used for production,,,,,,2.04 CELTIN
BF56S,Celebrations Tin,914D91HC04,387199003513636587,59290,2272587,2020-03-29,,,NL08,04/04/2019 13:36,Goods Receipt Finished Goods,54,,Free,,,,,,2.04 CELTIN
BF56S,Celebrations Tin,914D91HC04,387199003513636594,59290,2272588,2020-03-29,,,NL08,04/04/2019 14:15,Goods Receipt Finished Goods,54,,Free,,,,,,2.04 CELTIN
NR292,Bulk: MALTESERS Crunchy bulk 10kg,,,59290,,,,,NL08,05/04/2019 06:47,Waste for Production order,-10.7696,,Free,,,,,,2.04 CELTIN
NR260,Bulk: BOUNTY miniatures bulk 10 kg,,,59290,,,,,NL08,05/04/2019 06:47,Waste for Production order,-2.7872,,Free,,,,,,2.04 CELTIN
NR816,Bulk: DOVE chunk bulk 10kg,,,59290,,,,,NL08,05/04/2019 06:47,Waste for Production order,-10.7024,,Free,,,,,,2.04 CELTIN
NR371,Bulk: MARS miniatures bulk 10 kg,,,59290,,,,,NL08,05/04/2019 06:47,Waste for Production order,-0.832,,Free,,,,,,2.04 CELTIN
NR811,Bulk: DOVE caramel bulk 10 kg,,,59290,,,,,NL08,05/04/2019 06:47,Waste for Production order,-10.2336,,Free,,,,,,2.04 CELTIN
NR278,Bulk: SNICKERS miniatures bulk 10kg,,,59290,,,,,NL08,05/04/2019 06:47,Waste for Production order,-0.2128,,Free,,,,,,2.04 CELTIN
BB47D,Bulk:MW CR miniatures wafer,,,59290,,,,,NL08,05/04/2019 06:47,Waste for Production order,-10.056,,Free,,,,,,2.04 CELTIN
VK329,Bulk: Twix miniatures bulk 10 kg,,,59290,,,,,NL08,05/04/2019 06:47,Waste for Production order,-5.536,,Free,,,,,,2.04 CELTIN
BF56S,Celebrations Tin,914E91HC04,387199003513636617,59290,2272590,2020-03-29,,,NL08,05/04/2019 07:35,Goods Receipt Finished Goods,54,,Free,,,,,,2.04 CELTIN
BF56S,Celebrations Tin,914D91HC04,387199003513636600,59290,2272589,2020-03-29,,,NL08,05/04/2019 07:43,Goods Receipt Finished Goods,54,,Free,,,,,,2.04 CELTIN
BF56S,Celebrations Tin,914E91HC04,387199003513636624,59290,2272591,2020-03-29,,,NL08,05/04/2019 08:50,Goods Receipt Finished Goods,54,,Free,,,,,,2.04 CELTIN
BF56S,Celebrations Tin,914E91HC04,387199003513636631,59290,2272592,2020-03-29,,,NL08,05/04/2019 10:02,Goods Receipt Finished Goods,54,,Free,,,,,,2.04 CELTIN
BF56S,Celebrations Tin,914E91HC04,387199003513636747,59290,2272603,2020-03-29,,,NL08,05/04/2019 10:10,Goods Receipt Finished Goods,54,,Free,,,,,,2.04 CELTIN
NR260,Bulk: BOUNTY miniatures bulk 10 kg,906G3NLD12,387199001527855406,59290,LE00498818,2020-02-23,,,NL08,05/04/2019 12:05,Used for production,-63,,Used for production,,,,,,2.04 CELTIN
NR816,Bulk: DOVE chunk bulk 10kg,904E2VSN04,340111000024632555,59290,LE00499014,2020-01-19,,,NL08,05/04/2019 12:06,Used for production,-63,,Used for production,,,,,,2.04 CELTIN
NR278,Bulk: SNICKERS miniatures bulk 10kg,911E3NLD06,387199001528190933,59290,LE00498814,2020-03-08,,,NL08,05/04/2019 12:06,Used for production,-63,,Used for production,,,,,,2.04 CELTIN
BF56S,Celebrations Tin,914E91HC04,387199003513636754,59290,2272604,2020-03-29,,,NL08,05/04/2019 13:17,Goods Receipt Finished Goods,54,,Free,,,,,,2.04 CELTIN
VK329,Bulk: Twix miniatures bulk 10 kg,912B3NLD07,387199001528238222,59290,LE00499156,2019-10-20,,,NL08,05/04/2019 13:36,Used for production,-63,,Used for production,,,,,,2.04 CELTIN
BF56S,Celebrations Tin,914E91HC04,387199003513636648,59290,2272593,2020-03-29,,,NL08,05/04/2019 13:48,Goods Receipt Finished Goods,54,,Free,,,,,,2.04 CELTIN
NR371,Bulk: MARS miniatures bulk 10 kg,906A1NLD06,387199001527774349,59290,LE00498843,2020-02-23,,,NL08,05/04/2019 13:57,Used for production,-63,,Used for production,,,,,,2.04 CELTIN
BF56S,Celebrations Tin,914E91HC04,387199003513636655,59290,2272594,2020-03-29,,,NL08,05/04/2019 14:13,Goods Receipt Finished Goods,54,,Free,,,,,,2.04 CELTIN
BF56S,Celebrations Tin,914E91HC04,387199003513636662,59290,2272595,2020-03-29,,,NL08,05/04/2019 14:48,Goods Receipt Finished Goods,54,,Free,,,,,,2.04 CELTIN
NR371,Bulk: MARS miniatures bulk 10 kg,905G3NLD06,387199001527771874,59295,LE00498590,2020-02-16,,,NL08,04/04/2019 10:00,Used for production,-4,,Used for production,,,,,,2.01 TWRAP1
NR376,Bulk: MILKY WAY miniatures bulk 8kg,909D3NLD06,387199001528057762,59295,LE00498754,2020-03-15,,,NL08,04/04/2019 10:00,Used for production,-48,,Used for production,,,,,,2.01 TWRAP1
NR278,Bulk: SNICKERS miniatures bulk 10kg,911D3NLD06,387199001528179211,59295,LE00498646,2020-03-08,,,NL08,04/04/2019 10:01,Used for production,-30,,Used for production,,,,,,2.01 TWRAP1
NR260,Bulk: BOUNTY miniatures bulk 10 kg,906G3NLD12,387199001527851156,59295,LE00498599,2020-02-23,,,NL08,04/04/2019 10:01,Used for production,-48,,Used for production,,,,,,2.01 TWRAP1
NR292,Bulk: MALTESERS Crunchy bulk 10kg,904A1VSN04,340111000024628879,59295,LE00497084,2020-01-19,,,NL08,04/04/2019 10:02,Used for production,-63,,Used for production,,,,,,2.01 TWRAP1
NR806,Bulk: GALAXY caramel bulk 10 kg,847B3VSN04,340111000024463135,59295,LE00557331,2019-11-17,,,NL08,04/04/2019 10:03,Used for production,-27,,Used for production,,,,,,2.01 TWRAP1
NR809,Bulk: GALAXY Chunk bulk 10 kg,848A3VSN04,340111000024482310,59295,LE00557335,2019-11-24,,,NL08,04/04/2019 10:03,Used for production,-54,,Used for production,,,,,,2.01 TWRAP1
YK568,Celebrations Sharing Bag (UK mix) ,914D91HC01,387199003513638406,59295,2272769,2020-03-29,,,NL08,04/04/2019 12:18,Goods Receipt Finished Goods,96,,Free,,,,,,2.01 TWRAP1
NR371,Bulk: MARS miniatures bulk 10 kg,906A1NLD06,387199001527777425,59295,LE00498591,2020-02-23,,,NL08,04/04/2019 12:25,Used for production,-63,,Used for production,,,,,,2.01 TWRAP1
YK568,Celebrations Sharing Bag (UK mix) ,914D91HC01,387199003513638413,59295,2272770,2020-03-29,,,NL08,04/04/2019 12:34,Goods Receipt Finished Goods,96,,Free,,,,,,2.01 TWRAP1
YK568,Celebrations Sharing Bag (UK mix) ,914D91HC01,387199003513638420,59295,2272771,2020-03-29,,,NL08,04/04/2019 13:58,Goods Receipt Finished Goods,96,,Free,,,,,,2.01 TWRAP1
YK568,Celebrations Sharing Bag (UK mix) ,914D91HC01,387199003513638437,59295,2272772,2020-03-29,,,NL08,04/04/2019 14:39,Goods Receipt Finished Goods,96,,Free,,,,,,2.01 TWRAP1
YK568,Celebrations Sharing Bag (UK mix) ,914D91HC01,387199003513638444,59295,2272773,2020-03-29,,,NL08,04/04/2019 15:07,Goods Receipt Finished Goods,96,,Free,,,,,,2.01 TWRAP1
YK568,Celebrations Sharing Bag (UK mix) ,914D91HC01,387199003513638451,59295,2272774,2020-03-29,,,NL08,04/04/2019 15:38,Goods Receipt Finished Goods,96,,Free,,,,,,2.01 TWRAP1
YK568,Celebrations Sharing Bag (UK mix) ,914D91HC01,387199003513638468,59295,2272775,2020-03-29,,,NL08,04/04/2019 16:00,Goods Receipt Finished Goods,96,,Free,,,,,,2.01 TWRAP1
YK568,Celebrations Sharing Bag (UK mix) ,914D91HC01,387199003513661862,59295,2281707,2020-03-29,,,NL08,04/04/2019 16:27,Goods Receipt Finished Goods,96,,Free,,,,,,2.01 TWRAP1
NR278,Bulk: SNICKERS miniatures bulk 10kg,911D3NLD06,387199001528179990,59295,LE00498648,2020-03-08,,,NL08,04/04/2019 16:46,Used for production,-63,,Used for production,,,,,,2.01 TWRAP1
NR260,Bulk: BOUNTY miniatures bulk 10 kg,906G2NLD12,387199001527850852,59295,LE00498605,2020-02-23,,,NL08,04/04/2019 16:52,Used for production,-63,,Used for production,,,,,,2.01 TWRAP1
YK568,Celebrations Sharing Bag (UK mix) ,914D91HC01,387199003513661879,59295,2281708,2020-03-29,,,NL08,04/04/2019 17:35,Goods Receipt Finished Goods,96,,Free,,,,,,2.01 TWRAP1
YK568,Celebrations Sharing Bag (UK mix) ,914D91HC01,387199003513661886,59295,2281709,2020-03-29,,,NL08,04/04/2019 18:02,Goods Receipt Finished Goods,96,,Free,,,,,,2.01 TWRAP1
YK568,Celebrations Sharing Bag (UK mix) ,914D91HC01,387199003513661893,59295,2281710,2020-03-29,,,NL08,04/04/2019 18:27,Goods Receipt Finished Goods,96,,Free,,,,,,2.01 TWRAP1
NR371,Bulk: MARS miniatures bulk 10 kg,906A1NLD06,387199001527776510,59295,LE00498844,2020-02-23,,,NL08,04/04/2019 18:42,Used for production,-63,,Used for production,,,,,,2.01 TWRAP1
YK568,Celebrations Sharing Bag (UK mix) ,914D91HC01,387199003513661909,59295,2281711,2020-03-29,,,NL08,04/04/2019 19:24,Goods Receipt Finished Goods,96,,Free,,,,,,2.01 TWRAP1
YK568,Celebrations Sharing Bag (UK mix) ,914D91HC01,387199003513661916,59295,2281712,2020-03-29,,,NL08,04/04/2019 20:27,Goods Receipt Finished Goods,96,,Free,,,,,,2.01 TWRAP1
NR806,Bulk: GALAXY caramel bulk 10 kg,847B3VSN04,340111000024462978,59295,LE00508041,2019-11-17,,,NL08,04/04/2019 20:44,Used for production,-63,,Used for production,,,,,,2.01 TWRAP1
NR809,Bulk: GALAXY Chunk bulk 10 kg,848A3VSN04,340111000024482310,59295,LE00557359,2019-11-24,,,NL08,04/04/2019 20:54,Line Clearance,50,,Free,,,,,,2.01 TWRAP1
NR376,Bulk: MILKY WAY miniatures bulk 8kg,909D3NLD06,387199001528057762,59295,LE00557366,2020-03-15,,,NL08,04/04/2019 20:54,Line Clearance,11,,Free,,,,,,2.01 TWRAP1
NR806,Bulk: GALAXY caramel bulk 10 kg,847B3VSN04,340111000024462978,59295,LE00557368,2019-11-17,,,NL08,04/04/2019 20:55,Line Clearance,21,,Free,,,,,,2.01 TWRAP1
NR278,Bulk: SNICKERS miniatures bulk 10kg,911D3NLD06,387199001528179990,59295,LE00498648,2020-03-08,,,NL08,04/04/2019 20:56,Line Clearance,40,,Free,,,,,,2.01 TWRAP1
NR371,Bulk: MARS miniatures bulk 10 kg,906A1NLD06,387199001527776510,59295,LE00498844,2020-02-23,,,NL08,04/04/2019 20:56,Line Clearance,52,,Free,,,,,,2.01 TWRAP1
NR260,Bulk: BOUNTY miniatures bulk 10 kg,906G2NLD12,387199001527850852,59295,LE00498605,2020-02-23,,,NL08,04/04/2019 20:57,Line Clearance,34,,Free,,,,,,2.01 TWRAP1
NR292,Bulk: MALTESERS Crunchy bulk 10kg,904A1VSN04,340111000024628879,59295,LE00497084,2020-01-19,,,NL08,04/04/2019 21:02,Line Clearance,23,,Free,,,,,,2.01 TWRAP1
NR809,Bulk: GALAXY Chunk bulk 10 kg,848A3VSN04,340111000024482310,59295,LE00557359,2019-11-24,,,NL08,04/04/2019 21:04,Line Clearance,-29,,Free,,,,,,2.01 TWRAP1
NR292,Bulk: MALTESERS Crunchy bulk 10kg,,,59295,,,,,NL08,05/04/2019 07:08,Waste for Production order,-8.5504,,Free,,,,,,2.01 TWRAP1
NR260,Bulk: BOUNTY miniatures bulk 10 kg,,,59295,,,,,NL08,05/04/2019 07:08,Waste for Production order,-25.5824,,Free,,,,,,2.01 TWRAP1
NR809,Bulk: GALAXY Chunk bulk 10 kg,,,59295,,,,,NL08,05/04/2019 07:08,Waste for Production order,-0.8016,,Free,,,,,,2.01 TWRAP1
NR371,Bulk: MARS miniatures bulk 10 kg,,,59295,,,,,NL08,05/04/2019 07:08,Waste for Production order,-3.12,,Free,,,,,,2.01 TWRAP1
NR376,Bulk: MILKY WAY miniatures bulk 8kg,,,59295,,,,,NL08,05/04/2019 07:08,Waste for Production order,11.048,,Free,,,,,,2.01 TWRAP1
NR278,Bulk: SNICKERS miniatures bulk 10kg,,,59295,,,,,NL08,05/04/2019 07:08,Waste for Production order,-1.5824,,Free,,,,,,2.01 TWRAP1
NR806,Bulk: GALAXY caramel bulk 10 kg,,,59295,,,,,NL08,05/04/2019 07:08,Waste for Production order,-35.6784,,Free,,,,,,2.01 TWRAP1
NR811,Bulk: DOVE caramel bulk 10 kg,902G3VSN04,340111000024604286,59298,LE00508921,2020-01-05,,,NL08,05/04/2019 13:38,Used for production,-40,,Used for production,,,,,,2.01 TWRAP1
NR260,Bulk: BOUNTY miniatures bulk 10 kg,906G2NLD12,387199001527850852,59298,LE00498605,2020-02-23,,,NL08,05/04/2019 13:38,Used for production,-2,,Used for production,,,,,,2.01 TWRAP1
NR292,Bulk: MALTESERS Crunchy bulk 10kg,904A1VSN04,340111000024628879,59298,LE00497084,2020-01-19,,,NL08,05/04/2019 13:39,Used for production,-3,,Used for production,,,,,,2.01 TWRAP1
NR371,Bulk: MARS miniatures bulk 10 kg,906A1NLD06,387199001527776510,59298,LE00498844,2020-02-23,,,NL08,05/04/2019 13:39,Used for production,-4,,Used for production,,,,,,2.01 TWRAP1
NR816,Bulk: DOVE chunk bulk 10kg,903B1VSN04,340111000024607171,59298,LE00508832,2020-01-12,,,NL08,05/04/2019 13:39,Used for production,-43,,Used for production,,,,,,2.01 TWRAP1
NR278,Bulk: SNICKERS miniatures bulk 10kg,911D3NLD06,387199001528179990,59298,LE00498648,2020-03-08,,,NL08,05/04/2019 13:40,Used for production,-1,,Used for production,,,,,,2.01 TWRAP1
VK329,Bulk: Twix miniatures bulk 10 kg,911D1NLD07,387199001528172717,59298,LE00498140,2019-10-13,,,NL08,05/04/2019 13:41,Used for production,-22,,Used for production,,,,,,2.01 TWRAP1
BB47D,Bulk:MW CR miniatures wafer,907D3BBN03,390111002005761808,59298,LE00508912,2020-02-09,,,NL08,05/04/2019 13:41,Used for production,-27,,Used for production,,,,,,2.01 TWRAP1
NR278,Bulk: SNICKERS miniatures bulk 10kg,911E1NLD06,387199001528184895,59298,LE00498815,2020-03-08,,,NL08,05/04/2019 14:11,Used for production,-63,,Used for production,,,,,,2.01 TWRAP1
NR260,Bulk: BOUNTY miniatures bulk 10 kg,906G3NLD12,387199001527853624,59298,LE00498819,2020-02-23,,,NL08,05/04/2019 14:11,Used for production,-63,,Used for production,,,,,,2.01 TWRAP1
NR371,Bulk: MARS miniatures bulk 10 kg,905G3NLD06,387199001527773076,59298,LE00498593,2020-02-16,,,NL08,05/04/2019 14:11,Used for production,-63,,Used for production,,,,,,2.01 TWRAP1
BV86B,Celebrations Sharing bag 196gr,914E91HC01,387199003513638765,59298,2272805,2020-03-29,,,NL08,05/04/2019 14:29,Goods Receipt Finished Goods,56,,Free,,,,,,2.01 TWRAP1
BV86B,Celebrations Sharing bag 196gr,914E91HC01,387199003513638789,59298,2272807,2020-03-29,,,NL08,05/04/2019 15:46,Goods Receipt Finished Goods,56,,Free,,,,,,2.01 TWRAP1
NR292,Bulk: MALTESERS Crunchy bulk 10kg,904A2VSN04,340111000024629364,59298,LE00497088,2020-01-19,,,NL08,05/04/2019 16:04,Used for production,-63,,Used for production,,,,,,2.01 TWRAP1
BV86B,Celebrations Sharing bag 196gr,914E91HC01,387199003513638796,59298,2272808,2020-03-29,,,NL08,05/04/2019 16:06,Goods Receipt Finished Goods,56,,Free,,,,,,2.01 TWRAP1
BV86B,Celebrations Sharing bag 196gr,914E91HC01,387199003513638819,59298,2272810,2020-03-29,,,NL08,05/04/2019 17:24,Goods Receipt Finished Goods,56,,Free,,,,,,2.01 TWRAP1
BV86B,Celebrations Sharing bag 196gr,914E91HC01,387199003513638802,59298,2272809,2020-03-29,,,NL08,05/04/2019 17:48,Goods Receipt Finished Goods,56,,Free,,,,,,2.01 TWRAP1
BV86B,Celebrations Sharing bag 196gr,914E91HC01,387199003513638772,59298,2272806,2020-03-29,,,NL08,05/04/2019 19:21,Goods Receipt Finished Goods,56,,Free,,,,,,2.01 TWRAP1
VK329,Bulk: Twix miniatures bulk 10 kg,911D2NLD07,387199001528176999,59298,LE00498129,2019-10-13,,,NL08,08/04/2019 06:27,Used for production,-63,,Used for production,,,,,,2.01 TWRAP1
BV86B,Celebrations Sharing bag 196gr,915A91HC01,387199003513638826,59298,2272811,2020-04-05,,,NL08,08/04/2019 07:03,Goods Receipt Finished Goods,56,,Free,,,,,,2.01 TWRAP1
BV86B,Celebrations Sharing bag 196gr,915A91HC01,387199003513638833,59298,2272812,2020-04-05,,,NL08,08/04/2019 08:57,Goods Receipt Finished Goods,56,,Free,,,,,,2.01 TWRAP1
AKA49,Mixed miniatures bag 3kg,914B91HC01,387199003513633128,,2272241,2020-03-29,,,NL08,02/04/2019 13:32,Shipment,-63,,Free,,NL30,NL0834560105,,,
AKA49,Mixed miniatures bag 3kg,914B91HC01,387199003513633135,,2272242,2020-03-29,,,NL08,02/04/2019 13:32,Shipment,-63,,Free,,NL30,NL0834560105,,,
AKA49,Mixed miniatures bag 3kg,914B91HC01,387199003513633142,,2272243,2020-03-29,,,NL08,02/04/2019 13:32,Shipment,-63,,Free,,NL30,NL0834560105,,,
AKA49,Mixed miniatures bag 3kg,914B91HC01,387199003513633159,,2272244,2020-03-29,,,NL08,02/04/2019 13:32,Shipment,-63,,Free,,NL30,NL0834560105,,,
AKA49,Mixed miniatures bag 3kg,914B91HC01,387199003513633166,,2272245,2020-03-29,,,NL08,03/04/2019 06:06,Shipment,-63,,Free,,NL30,NL0834560106,,,
AKA49,Mixed miniatures bag 3kg,914B91HC01,387199003513633173,,2272246,2020-03-29,,,NL08,03/04/2019 06:06,Shipment,-63,,Free,,NL30,NL0834560106,,,
AKA49,Mixed miniatures bag 3kg,914B91HC01,387199003513633180,,2272247,2020-03-29,,,NL08,03/04/2019 06:06,Shipment,-63,,Free,,NL30,NL0834560106,,,
AKA49,Mixed miniatures bag 3kg,914B91HC01,387199003513633197,,2272248,2020-03-29,,,NL08,03/04/2019 06:06,Shipment,-63,,Free,,NL30,NL0834560106,,,
AKA49,Mixed miniatures bag 3kg,914B91HC01,387199003513633203,,2272249,2020-03-29,,,NL08,03/04/2019 06:10,Shipment,-63,,Free,,NL30,NL0834560107,,,
AKA49,Mixed miniatures bag 3kg,914B91HC01,387199003513633210,,2272250,2020-03-29,,,NL08,03/04/2019 06:10,Shipment,-63,,Free,,NL30,NL0834560107,,,
AKA49,Mixed miniatures bag 3kg,914B91HC01,387199003513633227,,2272251,2020-03-29,,,NL08,03/04/2019 06:10,Shipment,-63,,Free,,NL30,NL0834560107,,,
AKA49,Mixed miniatures bag 3kg,914B91HC01,387199003513633234,,2272252,2020-03-29,,,NL08,03/04/2019 06:10,Shipment,-63,,Free,,NL30,NL0834560107,,,
AKA49,Mixed miniatures bag 3kg,914B91HC01,387199003513633241,,2272253,2020-03-29,,,NL08,03/04/2019 06:10,Shipment,-63,,Free,,NL30,NL0834560107,,,
AKA49,Mixed miniatures bag 3kg,914B91HC01,387199003513633258,,2272254,2020-03-29,,,NL08,03/04/2019 06:10,Shipment,-63,,Free,,NL30,NL0834560107,,,
AKA49,Mixed miniatures bag 3kg,914B91HC01,387199003513633265,,2272255,2020-03-29,,,NL08,03/04/2019 06:10,Shipment,-63,,Free,,NL30,NL0834560107,,,
AKA49,Mixed miniatures bag 3kg,914B91HC01,387199003513633272,,2272256,2020-03-29,,,NL08,03/04/2019 06:10,Shipment,-63,,Free,,NL30,NL0834560107,,,
AKA49,Mixed miniatures bag 3kg,914B91HC01,387199003513633289,,2272257,2020-03-29,,,NL08,03/04/2019 12:45,Shipment,-63,,Free,,NL30,NL0834560110,,,
AKA49,Mixed miniatures bag 3kg,914B91HC01,387199003513633296,,2272258,2020-03-29,,,NL08,03/04/2019 12:45,Shipment,-63,,Free,,NL30,NL0834560110,,,
AKA49,Mixed miniatures bag 3kg,914B91HC01,387199003513633302,,2272259,2020-03-29,,,NL08,03/04/2019 12:45,Shipment,-63,,Free,,NL30,NL0834560110,,,
AKA49,Mixed miniatures bag 3kg,914B91HC01,387199003513633319,,2272260,2020-03-29,,,NL08,03/04/2019 12:45,Shipment,-63,,Free,,NL30,NL0834560110,,,
AKA49,Mixed miniatures bag 3kg,914B91HC01,387199003513633326,,2272261,2020-03-29,,,NL08,03/04/2019 12:52,Shipment,-63,,Free,,NL30,NL0834560111,,,
AKA49,Mixed miniatures bag 3kg,914B91HC01,387199003513633333,,2272262,2020-03-29,,,NL08,03/04/2019 12:52,Shipment,-63,,Free,,NL30,NL0834560111,,,
AKA49,Mixed miniatures bag 3kg,914B91HC01,387199003513633340,,2272263,2020-03-29,,,NL08,03/04/2019 12:52,Shipment,-63,,Free,,NL30,NL0834560111,,,
AKA49,Mixed miniatures bag 3kg,914B91HC01,387199003513633357,,2272264,2020-03-29,,,NL08,03/04/2019 12:52,Shipment,-63,,Free,,NL30,NL0834560111,,,
AKA49,Mixed miniatures bag 3kg,914B91HC01,387199003513633364,,2272265,2020-03-29,,,NL08,03/04/2019 12:52,Shipment,-63,,Free,,NL30,NL0834560111,,,
AKA49,Mixed miniatures bag 3kg,914B91HC01,387199003513633371,,2272266,2020-03-29,,,NL08,04/04/2019 06:14,Shipment,-63,,Free,,NL30,NL0834560113,,,
AKA49,Mixed miniatures bag 3kg,914B91HC01,387199003513633388,,2272267,2020-03-29,,,NL08,04/04/2019 06:14,Shipment,-63,,Free,,NL30,NL0834560113,,,
AKA49,Mixed miniatures bag 3kg,914B91HC01,387199003513633395,,2272268,2020-03-29,,,NL08,04/04/2019 06:14,Shipment,-63,,Free,,NL30,NL0834560113,,,
AKA49,Mixed miniatures bag 3kg,914B91HC01,387199003513633401,,2272269,2020-03-29,,,NL08,04/04/2019 06:14,Shipment,-63,,Free,,NL30,NL0834560113,,,
AKA49,Mixed miniatures bag 3kg,914B91HC01,387199003513633418,,2272270,2020-03-29,,,NL08,04/04/2019 06:09,Shipment,-63,,Free,,NL30,NL0834560112,,,
AKA49,Mixed miniatures bag 3kg,914B91HC01,387199003513633425,,2272271,2020-03-29,,,NL08,04/04/2019 06:09,Shipment,-63,,Free,,NL30,NL0834560112,,,
AKA49,Mixed miniatures bag 3kg,914B91HC01,387199003513633432,,2272272,2020-03-29,,,NL08,04/04/2019 06:09,Shipment,-63,,Free,,NL30,NL0834560112,,,
AKA49,Mixed miniatures bag 3kg,914B91HC01,387199003513633449,,2272273,2020-03-29,,,NL08,04/04/2019 06:09,Shipment,-63,,Free,,NL30,NL0834560112,,,
AKA49,Mixed miniatures bag 3kg,914B91HC01,387199003513633456,,2272274,2020-03-29,,,NL08,04/04/2019 06:09,Shipment,-63,,Free,,NL30,NL0834560112,,,
AKA49,Mixed miniatures bag 3kg,914B91HC01,387199003513633463,,2272275,2020-03-29,,,NL08,04/04/2019 06:09,Shipment,-63,,Free,,NL30,NL0834560112,,,
AKA49,Mixed miniatures bag 3kg,914B91HC01,387199003513633470,,2272276,2020-03-29,,,NL08,04/04/2019 07:40,Shipment,-63,,Free,,NL30,NL0834560115,,,
AKA49,Mixed miniatures bag 3kg,914B91HC01,387199003513633487,,2272277,2020-03-29,,,NL08,04/04/2019 07:40,Shipment,-63,,Free,,NL30,NL0834560115,,,
AKA49,Mixed miniatures bag 3kg,914B91HC01,387199003513633494,,2272278,2020-03-29,,,NL08,04/04/2019 07:40,Shipment,-63,,Free,,NL30,NL0834560115,,,
AKA49,Mixed miniatures bag 3kg,914B91HC01,387199003513633500,,2272279,2020-03-29,,,NL08,04/04/2019 10:49,Shipment,-63,,Free,,NL30,NL0834560116,,,
AKA49,Mixed miniatures bag 3kg,914B91HC01,387199003513633517,,2272280,2020-03-29,,,NL08,04/04/2019 10:49,Shipment,-63,,Free,,NL30,NL0834560116,,,
AKA49,Mixed miniatures bag 3kg,914B91HC01,387199003513633524,,2272281,2020-03-29,,,NL08,04/04/2019 10:49,Shipment,-63,,Free,,NL30,NL0834560116,,,
AKA49,Mixed miniatures bag 3kg,914B91HC01,387199003513633531,,2272282,2020-03-29,,,NL08,04/04/2019 10:49,Shipment,-63,,Free,,NL30,NL0834560116,,,
AKA49,Mixed miniatures bag 3kg,914B91HC01,387199003513633548,,2272283,2020-03-29,,,NL08,04/04/2019 15:19,Shipment,-63,,Free,,NL30,NL0834560118,,,
BF56S,Celebrations Tin,914C91HC04,387199003513636396,,2272568,2020-03-29,,,NL08,03/04/2019 12:45,Shipment,-54,,Free,,NL30,NL0834560110,,,
BF56S,Celebrations Tin,914C91HC04,387199003513636402,,2272569,2020-03-29,,,NL08,03/04/2019 12:45,Shipment,-54,,Free,,NL30,NL0834560110,,,
BF56S,Celebrations Tin,914C91HC04,387199003513636419,,2272570,2020-03-29,,,NL08,03/04/2019 12:45,Shipment,-54,,Free,,NL30,NL0834560110,,,
BF56S,Celebrations Tin,914C91HC04,387199003513636426,,2272571,2020-03-29,,,NL08,03/04/2019 12:52,Shipment,-54,,Free,,NL30,NL0834560111,,,
BF56S,Celebrations Tin,914C91HC04,387199003513636433,,2272572,2020-03-29,,,NL08,03/04/2019 12:52,Shipment,-54,,Free,,NL30,NL0834560111,,,
BF56S,Celebrations Tin,914C91HC04,387199003513636440,,2272573,2020-03-29,,,NL08,03/04/2019 12:52,Shipment,-54,,Free,,NL30,NL0834560111,,,
BF56S,Celebrations Tin,914C91HC04,387199003513636457,,2272574,2020-03-29,,,NL08,03/04/2019 12:52,Shipment,-54,,Free,,NL30,NL0834560111,,,
BF56S,Celebrations Tin,914C91HC04,387199003513636464,,2272575,2020-03-29,,,NL08,04/04/2019 06:14,Shipment,-54,,Free,,NL30,NL0834560113,,,
BF56S,Celebrations Tin,914C91HC04,387199003513636471,,2272576,2020-03-29,,,NL08,04/04/2019 06:14,Shipment,-54,,Free,,NL30,NL0834560113,,,
BF56S,Celebrations Tin,914C91HC04,387199003513636488,,2272577,2020-03-29,,,NL08,04/04/2019 06:14,Shipment,-54,,Free,,NL30,NL0834560113,,,
BF56S,Celebrations Tin,914C91HC04,387199003513636495,,2272578,2020-03-29,,,NL08,04/04/2019 10:49,Shipment,-54,,Free,,NL30,NL0834560116,,,
BF56S,Celebrations Tin,914D91HC04,387199003513636501,,2272579,2020-03-29,,,NL08,04/04/2019 10:49,Shipment,-54,,Free,,NL30,NL0834560116,,,
BF56S,Celebrations Tin,914D91HC04,387199003513636518,,2272580,2020-03-29,,,NL08,04/04/2019 10:49,Shipment,-54,,Free,,NL30,NL0834560116,,,
BF56S,Celebrations Tin,914D91HC04,387199003513636525,,2272581,2020-03-29,,,NL08,04/04/2019 10:49,Shipment,-54,,Free,,NL30,NL0834560116,,,
BF56S,Celebrations Tin,914D91HC04,387199003513636532,,2272582,2020-03-29,,,NL08,04/04/2019 10:49,Shipment,-54,,Free,,NL30,NL0834560116,,,
BF56S,Celebrations Tin,914D91HC04,387199003513636549,,2272583,2020-03-29,,,NL08,04/04/2019 15:19,Shipment,-54,,Free,,NL30,NL0834560118,,,
BF56S,Celebrations Tin,914D91HC04,387199003513636556,,2272584,2020-03-29,,,NL08,04/04/2019 15:19,Shipment,-54,,Free,,NL30,NL0834560118,,,
BF56S,Celebrations Tin,914D91HC04,387199003513636563,,2272585,2020-03-29,,,NL08,04/04/2019 15:19,Shipment,-54,,Free,,NL30,NL0834560118,,,
BF56S,Celebrations Tin,914D91HC04,387199003513636570,,2272586,2020-03-29,,,NL08,04/04/2019 15:19,Shipment,-54,,Free,,NL30,NL0834560118,,,
BF56S,Celebrations Tin,914D91HC04,387199003513636587,,2272587,2020-03-29,,,NL08,04/04/2019 15:19,Shipment,-54,,Free,,NL30,NL0834560118,,,
BF56S,Celebrations Tin,914D91HC04,387199003513636594,,2272588,2020-03-29,,,NL08,05/04/2019 06:06,Shipment,-54,,Free,,NL30,NL0834560119,,,
BF56S,Celebrations Tin,914D91HC04,387199003513636600,,2272589,2020-03-29,,,NL08,05/04/2019 10:16,Shipment,-54,,Free,,NL30,NL0834560122,,,
BF56S,Celebrations Tin,914E91HC04,387199003513636617,,2272590,2020-03-29,,,NL08,05/04/2019 10:16,Shipment,-54,,Free,,NL30,NL0834560122,,,
BF56S,Celebrations Tin,914E91HC04,387199003513636624,,2272591,2020-03-29,,,NL08,05/04/2019 10:16,Shipment,-54,,Free,,NL30,NL0834560122,,,
BF56S,Celebrations Tin,914E91HC04,387199003513636631,,2272592,2020-03-29,,,NL08,05/04/2019 10:16,Shipment,-54,,Free,,NL30,NL0834560122,,,
BF56S,Celebrations Tin,914E91HC04,387199003513636648,,2272593,2020-03-29,,,NL08,05/04/2019 14:51,Shipment,-54,,Free,,NL30,NL0834560124,,,
BF56S,Celebrations Tin,914E91HC04,387199003513636655,,2272594,2020-03-29,,,NL08,05/04/2019 14:51,Shipment,-54,,Free,,NL30,NL0834560124,,,
BF56S,Celebrations Tin,914E91HC04,387199003513636662,,2272595,2020-03-29,,,NL08,08/04/2019 06:17,Shipment,-54,,Free,,NL30,NL0834560125,,,
BF56S,Celebrations Tin,914E91HC04,387199003513636747,,2272603,2020-03-29,,,NL08,05/04/2019 10:16,Shipment,-54,,Free,,NL30,NL0834560122,,,
BF56S,Celebrations Tin,914E91HC04,387199003513636754,,2272604,2020-03-29,,,NL08,05/04/2019 14:51,Shipment,-54,,Free,,NL30,NL0834560124,,,
YK568,Celebrations Sharing Bag (UK mix) ,914D91HC01,387199003513638406,,2272769,2020-03-29,,,NL08,05/04/2019 06:13,Shipment,-96,,Free,,NL42,NL0834560120,,,
YK568,Celebrations Sharing Bag (UK mix) ,914D91HC01,387199003513638413,,2272770,2020-03-29,,,NL08,05/04/2019 06:13,Shipment,-96,,Free,,NL42,NL0834560120,,,
YK568,Celebrations Sharing Bag (UK mix) ,914D91HC01,387199003513638420,,2272771,2020-03-29,,,NL08,05/04/2019 06:13,Shipment,-96,,Free,,NL42,NL0834560120,,,
YK568,Celebrations Sharing Bag (UK mix) ,914D91HC01,387199003513638437,,2272772,2020-03-29,,,NL08,05/04/2019 06:13,Shipment,-96,,Free,,NL42,NL0834560120,,,
YK568,Celebrations Sharing Bag (UK mix) ,914D91HC01,387199003513638444,,2272773,2020-03-29,,,NL08,05/04/2019 06:13,Shipment,-96,,Free,,NL42,NL0834560120,,,
YK568,Celebrations Sharing Bag (UK mix) ,914D91HC01,387199003513638451,,2272774,2020-03-29,,,NL08,05/04/2019 06:13,Shipment,-96,,Free,,NL42,NL0834560120,,,
YK568,Celebrations Sharing Bag (UK mix) ,914D91HC01,387199003513638468,,2272775,2020-03-29,,,NL08,05/04/2019 06:13,Shipment,-96,,Free,,NL42,NL0834560120,,,
YK568,Celebrations Sharing Bag (UK mix) ,914D91HC01,387199003513661862,,2281707,2020-03-29,,,NL08,05/04/2019 06:13,Shipment,-96,,Free,,NL42,NL0834560120,,,
YK568,Celebrations Sharing Bag (UK mix) ,914D91HC01,387199003513661879,,2281708,2020-03-29,,,NL08,05/04/2019 06:13,Shipment,-96,,Free,,NL42,NL0834560120,,,
YK568,Celebrations Sharing Bag (UK mix) ,914D91HC01,387199003513661886,,2281709,2020-03-29,,,NL08,05/04/2019 06:13,Shipment,-96,,Free,,NL42,NL0834560120,,,
YK568,Celebrations Sharing Bag (UK mix) ,914D91HC01,387199003513661893,,2281710,2020-03-29,,,NL08,05/04/2019 06:13,Shipment,-96,,Free,,NL42,NL0834560120,,,
YK568,Celebrations Sharing Bag (UK mix) ,914D91HC01,387199003513661909,,2281711,2020-03-29,,,NL08,05/04/2019 06:13,Shipment,-96,,Free,,NL42,NL0834560120,,,
YK568,Celebrations Sharing Bag (UK mix) ,914D91HC01,387199003513661916,,2281712,2020-03-29,,,NL08,05/04/2019 06:13,Shipment,-96,,Free,,NL42,NL0834560120,,,
BV86B,Celebrations Sharing bag 196gr,914E91HC01,387199003513638765,,2272805,2020-03-29,,,NL08,05/04/2019 14:51,Shipment,-56,,Free,,NL30,NL0834560124,,,
BV86B,Celebrations Sharing bag 196gr,914E91HC01,387199003513638772,,2272806,2020-03-29,,,NL08,08/04/2019 06:17,Shipment,-56,,Free,,NL30,NL0834560125,,,
BV86B,Celebrations Sharing bag 196gr,914E91HC01,387199003513638789,,2272807,2020-03-29,,,NL08,08/04/2019 06:17,Shipment,-56,,Free,,NL30,NL0834560125,,,
BV86B,Celebrations Sharing bag 196gr,914E91HC01,387199003513638796,,2272808,2020-03-29,,,NL08,08/04/2019 06:17,Shipment,-56,,Free,,NL30,NL0834560125,,,
BV86B,Celebrations Sharing bag 196gr,914E91HC01,387199003513638802,,2272809,2020-03-29,,,NL08,08/04/2019 06:17,Shipment,-56,,Free,,NL30,NL0834560125,,,
BV86B,Celebrations Sharing bag 196gr,914E91HC01,387199003513638819,,2272810,2020-03-29,,,NL08,08/04/2019 06:17,Shipment,-56,,Free,,NL30,NL0834560125,,,
BV86B,Celebrations Sharing bag 196gr,915A91HC01,387199003513638826,,2272811,2020-04-05,,,NL08,08/04/2019 11:40,Shipment,-56,,Free,,NL30,NL0834560126,,,
BV86B,Celebrations Sharing bag 196gr,915A91HC01,387199003513638833,,2272812,2020-04-05,,,NL08,08/04/2019 11:40,Shipment,-56,,Free,,NL30,NL0834560126,,,